{
  "PUT update character" : {
    "transaction" : "PUT update character",
    "sampleCount" : 2000,
    "errorCount" : 0,
    "errorPct" : 0.0,
    "meanResTime" : 13.962499999999993,
    "medianResTime" : 5.0,
    "minResTime" : 0.0,
    "maxResTime" : 88.0,
    "pct1ResTime" : 38.0,
    "pct2ResTime" : 50.0,
    "pct3ResTime" : 64.0,
    "throughput" : 747.9431563201197,
    "receivedKBytesPerSec" : 201.51443880890054,
    "sentKBytesPerSec" : 165.72419011780104
  },
  "Debug Sampler" : {
    "transaction" : "Debug Sampler",
    "sampleCount" : 2000,
    "errorCount" : 0,
    "errorPct" : 0.0,
    "meanResTime" : 0.036999999999999963,
    "medianResTime" : 0.0,
    "minResTime" : 0.0,
    "maxResTime" : 10.0,
    "pct1ResTime" : 0.0,
    "pct2ResTime" : 0.0,
    "pct3ResTime" : 1.0,
    "throughput" : 748.7832272557094,
    "receivedKBytesPerSec" : 208.1558873081243,
    "sentKBytesPerSec" : 0.0
  },
  "GET character by id" : {
    "transaction" : "GET character by id",
    "sampleCount" : 2000,
    "errorCount" : 0,
    "errorPct" : 0.0,
    "meanResTime" : 15.473499999999992,
    "medianResTime" : 7.0,
    "minResTime" : 0.0,
    "maxResTime" : 80.0,
    "pct1ResTime" : 42.0,
    "pct2ResTime" : 54.0,
    "pct3ResTime" : 76.0,
    "throughput" : 745.7121551081283,
    "receivedKBytesPerSec" : 192.25391498881433,
    "sentKBytesPerSec" : 92.48578486204325
  },
  "Total" : {
    "transaction" : "Total",
    "sampleCount" : 10000,
    "errorCount" : 0,
    "errorPct" : 0.0,
    "meanResTime" : 51.516799999999954,
    "medianResTime" : 5.0,
    "minResTime" : 0.0,
    "maxResTime" : 1391.0,
    "pct1ResTime" : 46.0,
    "pct2ResTime" : 68.89999999999782,
    "pct3ResTime" : 1285.9899999999998,
    "throughput" : 3614.022406938923,
    "receivedKBytesPerSec" : 35310.85427866372,
    "sentKBytesPerSec" : 496.0697506324539
  },
  "POST create character" : {
    "transaction" : "POST create character",
    "sampleCount" : 2000,
    "errorCount" : 0,
    "errorPct" : 0.0,
    "meanResTime" : 14.586499999999997,
    "medianResTime" : 5.0,
    "minResTime" : 0.0,
    "maxResTime" : 103.0,
    "pct1ResTime" : 42.0,
    "pct2ResTime" : 47.0,
    "pct3ResTime" : 65.0,
    "throughput" : 746.2686567164179,
    "receivedKBytesPerSec" : 204.4229535914179,
    "sentKBytesPerSec" : 162.43951142723878
  },
  "GET all characters" : {
    "transaction" : "GET all characters",
    "sampleCount" : 2000,
    "errorCount" : 0,
    "errorPct" : 0.0,
    "meanResTime" : 213.5245,
    "medianResTime" : 14.0,
    "minResTime" : 0.0,
    "maxResTime" : 1391.0,
    "pct1ResTime" : 969.8000000000002,
    "pct2ResTime" : 1285.9499999999998,
    "pct3ResTime" : 1374.99,
    "throughput" : 727.0083605961469,
    "receivedKBytesPerSec" : 34731.66895276718,
    "sentKBytesPerSec" : 89.45610687022901
  }
}