{
  "PUT update character" : {
    "transaction" : "PUT update character",
    "sampleCount" : 200,
    "errorCount" : 0,
    "errorPct" : 0.0,
    "meanResTime" : 1.1850000000000003,
    "medianResTime" : 1.0,
    "minResTime" : 0.0,
    "maxResTime" : 15.0,
    "pct1ResTime" : 3.0,
    "pct2ResTime" : 5.0,
    "pct3ResTime" : 7.990000000000009,
    "throughput" : 223.21428571428572,
    "receivedKBytesPerSec" : 60.143607003348215,
    "sentKBytesPerSec" : 49.462454659598215
  },
  "Debug Sampler" : {
    "transaction" : "Debug Sampler",
    "sampleCount" : 200,
    "errorCount" : 0,
    "errorPct" : 0.0,
    "meanResTime" : 0.13,
    "medianResTime" : 0.0,
    "minResTime" : 0.0,
    "maxResTime" : 2.0,
    "pct1ResTime" : 0.0,
    "pct2ResTime" : 1.0,
    "pct3ResTime" : 2.0,
    "throughput" : 221.48394241417495,
    "receivedKBytesPerSec" : 61.36229928017718,
    "sentKBytesPerSec" : 0.0
  },
  "GET character by id" : {
    "transaction" : "GET character by id",
    "sampleCount" : 200,
    "errorCount" : 0,
    "errorPct" : 0.0,
    "meanResTime" : 1.1800000000000004,
    "medianResTime" : 1.0,
    "minResTime" : 0.0,
    "maxResTime" : 15.0,
    "pct1ResTime" : 3.9000000000000057,
    "pct2ResTime" : 4.0,
    "pct3ResTime" : 12.980000000000018,
    "throughput" : 221.48394241417495,
    "receivedKBytesPerSec" : 57.10132890365448,
    "sentKBytesPerSec" : 27.46919988925803
  },
  "Total" : {
    "transaction" : "Total",
    "sampleCount" : 1000,
    "errorCount" : 0,
    "errorPct" : 0.0,
    "meanResTime" : 1.3150000000000004,
    "medianResTime" : 1.0,
    "minResTime" : 0.0,
    "maxResTime" : 31.0,
    "pct1ResTime" : 3.0,
    "pct2ResTime" : 5.949999999999932,
    "pct3ResTime" : 16.980000000000018,
    "throughput" : 1048.2180293501049,
    "receivedKBytesPerSec" : 1209.618014609539,
    "sentKBytesPerSec" : 143.88839753668765
  },
  "POST create character" : {
    "transaction" : "POST create character",
    "sampleCount" : 200,
    "errorCount" : 0,
    "errorPct" : 0.0,
    "meanResTime" : 1.3050000000000013,
    "medianResTime" : 1.0,
    "minResTime" : 0.0,
    "maxResTime" : 13.0,
    "pct1ResTime" : 4.0,
    "pct2ResTime" : 6.0,
    "pct3ResTime" : 11.970000000000027,
    "throughput" : 222.2222222222222,
    "receivedKBytesPerSec" : 60.65321180555556,
    "sentKBytesPerSec" : 48.37456597222222
  },
  "GET all characters" : {
    "transaction" : "GET all characters",
    "sampleCount" : 200,
    "errorCount" : 0,
    "errorPct" : 0.0,
    "meanResTime" : 2.775,
    "medianResTime" : 1.0,
    "minResTime" : 0.0,
    "maxResTime" : 31.0,
    "pct1ResTime" : 8.0,
    "pct2ResTime" : 16.849999999999966,
    "pct3ResTime" : 29.0,
    "throughput" : 210.08403361344537,
    "receivedKBytesPerSec" : 985.8470243566177,
    "sentKBytesPerSec" : 25.850183823529413
  }
}