{
  "PUT update character" : {
    "transaction" : "PUT update character",
    "sampleCount" : 10724,
    "errorCount" : 0,
    "errorPct" : 0.0,
    "meanResTime" : 66.06471465870942,
    "medianResTime" : 62.0,
    "minResTime" : 1.0,
    "maxResTime" : 237.0,
    "pct1ResTime" : 104.0,
    "pct2ResTime" : 113.0,
    "pct3ResTime" : 129.0,
    "throughput" : 357.43092357430925,
    "receivedKBytesPerSec" : 96.30130736926307,
    "sentKBytesPerSec" : 79.19767919041429
  },
  "Debug Sampler" : {
    "transaction" : "Debug Sampler",
    "sampleCount" : 10774,
    "errorCount" : 0,
    "errorPct" : 0.0,
    "meanResTime" : 0.01280861332838316,
    "medianResTime" : 0.0,
    "minResTime" : 0.0,
    "maxResTime" : 1.0,
    "pct1ResTime" : 0.0,
    "pct2ResTime" : 0.0,
    "pct3ResTime" : 1.0,
    "throughput" : 360.3464998829392,
    "receivedKBytesPerSec" : 100.1999047836048,
    "sentKBytesPerSec" : 0.0
  },
  "GET character by id" : {
    "transaction" : "GET character by id",
    "sampleCount" : 10774,
    "errorCount" : 0,
    "errorPct" : 0.0,
    "meanResTime" : 67.56237237794693,
    "medianResTime" : 63.0,
    "minResTime" : 1.0,
    "maxResTime" : 244.0,
    "pct1ResTime" : 105.0,
    "pct2ResTime" : 113.0,
    "pct3ResTime" : 130.0,
    "throughput" : 358.8582087066582,
    "receivedKBytesPerSec" : 92.51813193218533,
    "sentKBytesPerSec" : 44.506828618892186
  },
  "Total" : {
    "transaction" : "Total",
    "sampleCount" : 53818,
    "errorCount" : 0,
    "errorPct" : 0.0,
    "meanResTime" : 54.03400349325504,
    "medianResTime" : 87.0,
    "minResTime" : 0.0,
    "maxResTime" : 658.0,
    "pct1ResTime" : 113.0,
    "pct2ResTime" : 120.0,
    "pct3ResTime" : 137.0,
    "throughput" : 1787.9140227899406,
    "receivedKBytesPerSec" : 111369.00442987775,
    "sentKBytesPerSec" : 245.17905603219162
  },
  "POST create character" : {
    "transaction" : "POST create character",
    "sampleCount" : 10743,
    "errorCount" : 0,
    "errorPct" : 0.0,
    "meanResTime" : 66.18830866610803,
    "medianResTime" : 63.0,
    "minResTime" : 1.0,
    "maxResTime" : 236.0,
    "pct1ResTime" : 103.0,
    "pct2ResTime" : 110.0,
    "pct3ResTime" : 126.0,
    "throughput" : 358.0761282581161,
    "receivedKBytesPerSec" : 98.32153767873808,
    "sentKBytesPerSec" : 77.9435667830478
  },
  "GET all characters" : {
    "transaction" : "GET all characters",
    "sampleCount" : 10803,
    "errorCount" : 0,
    "errorPct" : 0.0,
    "meanResTime" : 70.38859576043724,
    "medianResTime" : 66.0,
    "minResTime" : 1.0,
    "maxResTime" : 658.0,
    "pct1ResTime" : 109.0,
    "pct2ResTime" : 116.0,
    "pct3ResTime" : 133.0,
    "throughput" : 358.89173117172186,
    "receivedKBytesPerSec" : 110983.21260480341,
    "sentKBytesPerSec" : 44.16050598402047
  }
}