{
  "PUT update character" : {
    "transaction" : "PUT update character",
    "sampleCount" : 10,
    "errorCount" : 0,
    "errorPct" : 0.0,
    "meanResTime" : 2.7000000000000006,
    "medianResTime" : 2.0,
    "minResTime" : 1.0,
    "maxResTime" : 7.0,
    "pct1ResTime" : 6.700000000000001,
    "pct2ResTime" : 7.0,
    "pct3ResTime" : 7.0,
    "throughput" : 11.961722488038278,
    "receivedKBytesPerSec" : 3.2205536034688995,
    "sentKBytesPerSec" : 2.6481664922248807
  },
  "Debug Sampler" : {
    "transaction" : "Debug Sampler",
    "sampleCount" : 10,
    "errorCount" : 0,
    "errorPct" : 0.0,
    "meanResTime" : 0.19999999999999998,
    "medianResTime" : 0.0,
    "minResTime" : 0.0,
    "maxResTime" : 1.0,
    "pct1ResTime" : 1.0,
    "pct2ResTime" : 1.0,
    "pct3ResTime" : 1.0,
    "throughput" : 12.033694344163658,
    "receivedKBytesPerSec" : 3.3257182611311675,
    "sentKBytesPerSec" : 0.0
  },
  "GET character by id" : {
    "transaction" : "GET character by id",
    "sampleCount" : 10,
    "errorCount" : 0,
    "errorPct" : 0.0,
    "meanResTime" : 1.7999999999999998,
    "medianResTime" : 2.0,
    "minResTime" : 1.0,
    "maxResTime" : 3.0,
    "pct1ResTime" : 2.9000000000000004,
    "pct2ResTime" : 3.0,
    "pct3ResTime" : 3.0,
    "throughput" : 12.01923076923077,
    "receivedKBytesPerSec" : 3.098707932692308,
    "sentKBytesPerSec" : 1.4906663161057694
  },
  "Total" : {
    "transaction" : "Total",
    "sampleCount" : 50,
    "errorCount" : 0,
    "errorPct" : 0.0,
    "meanResTime" : 2.6,
    "medianResTime" : 2.0,
    "minResTime" : 0.0,
    "maxResTime" : 27.0,
    "pct1ResTime" : 4.899999999999999,
    "pct2ResTime" : 5.8999999999999915,
    "pct3ResTime" : 27.0,
    "throughput" : 56.56108597285068,
    "receivedKBytesPerSec" : 18.833074095022624,
    "sentKBytesPerSec" : 7.762788108031674
  },
  "POST create character" : {
    "transaction" : "POST create character",
    "sampleCount" : 10,
    "errorCount" : 0,
    "errorPct" : 0.0,
    "meanResTime" : 2.3000000000000003,
    "medianResTime" : 2.0,
    "minResTime" : 1.0,
    "maxResTime" : 4.0,
    "pct1ResTime" : 3.9000000000000004,
    "pct2ResTime" : 4.0,
    "pct3ResTime" : 4.0,
    "throughput" : 12.004801920768308,
    "receivedKBytesPerSec" : 3.266150210084034,
    "sentKBytesPerSec" : 2.614326980792317
  },
  "GET all characters" : {
    "transaction" : "GET all characters",
    "sampleCount" : 10,
    "errorCount" : 0,
    "errorPct" : 0.0,
    "meanResTime" : 6.0,
    "medianResTime" : 4.0,
    "minResTime" : 2.0,
    "maxResTime" : 27.0,
    "pct1ResTime" : 24.800000000000008,
    "pct2ResTime" : 27.0,
    "pct3ResTime" : 27.0,
    "throughput" : 11.46788990825688,
    "receivedKBytesPerSec" : 6.7586636324541285,
    "sentKBytesPerSec" : 1.4110880160550459
  }
}